,TV,Стара цена,Клас ЕЕ,Модел,Линк
0,(0),A,G,ТЕЛЕВИЗОР SAMSUNG QE-43Q7F QLED SMART TV,https://www.technomarket.bg/televizor/samsung-qe-43q7f-qled-smart-tv-09229138
1,(0),A,G,ТЕЛЕВИЗОР NEO LED-32H3M HD LED TV,https://www.technomarket.bg/televizor/neo-led-32h3m-hd-led-tv-09218598
2,(0),G,E,ТЕЛЕВИЗОР NEO LED-32HS3M HD SMART TV,https://www.technomarket.bg/televizor/neo-led-32hs3m-hd-smart-tv-09218599
3,(4),G,F,ТЕЛЕВИЗОР LG 32LQ63006LA FHD LED SMART TV,https://www.technomarket.bg/televizor/lg-32lq63006la-fhd-led-smart-tv-09205136
4,(0),A,G,ТЕЛЕВИЗОР TCL 32S5K FHD QLED SMART TV ANDROID,https://www.technomarket.bg/televizor/tcl-32s5k-fhd-qled-smart-tv-android-09229323
5,(0),A,G,ТЕЛЕВИЗОР SAMSUNG QE-55Q7F QLED SMART TV,https://www.technomarket.bg/televizor/samsung-qe-55q7f-qled-smart-tv-09229140
6,(0),G,F,ТЕЛЕВИЗОР TCL 43P6K UHD LED SMART GOOGLE TV,https://www.technomarket.bg/televizor/tcl-43p6k-uhd-led-smart-google-tv-09231910
7,(0),A,G,ТЕЛЕВИЗОР SAMSUNG QE-55Q8F QLED SMART TV,https://www.technomarket.bg/televizor/samsung-qe-55q8f-qled-smart-tv-09229146
8,(0),разлика 20лв. / 10.23€,A,ТЕЛЕВИЗОР TCL 43P7K QLED SMART GOOGLE TV,https://www.technomarket.bg/televizor/tcl-43p7k-qled-smart-google-tv-09229320
9,(0),A,G,ТЕЛЕВИЗОР SAMSUNG UE-32F6002F FHD SMART TV,https://www.technomarket.bg/televizor/samsung-ue-32f6002f-fhd-smart-tv-09229124
10,(0),A,G,ТЕЛЕВИЗОР SAMSUNG QE-43Q8F QLED SMART TV,https://www.technomarket.bg/televizor/samsung-qe-43q8f-qled-smart-tv-09229144
11,(0),A,G,ТЕЛЕВИЗОР TCL 40S5K FHD QLED SMART TV ANDROID,https://www.technomarket.bg/televizor/tcl-40s5k-fhd-qled-smart-tv-android-09229322
12,(0),разлика 250лв. / 127.82€,A,ТЕЛЕВИЗОР SAMSUNG UE-65U8072F UHD SMART TV,https://www.technomarket.bg/televizori-60-65/samsung-ue-65u8072f-uhd-smart-tv-09229129
13,(0),G,G,ТЕЛЕВИЗОР SAMSUNG UE-50U8072F UHD SMART TV,https://www.technomarket.bg/televizor/samsung-ue-50u8072f-uhd-smart-tv-09229127
14,(0),G,F,ТЕЛЕВИЗОР NEO LED-43FS3М FHD SMART TV,https://www.technomarket.bg/televizor/neo-led-43fs3m-fhd-smart-tv-09218600
15,(0),Нов модел,A,ТЕЛЕВИЗОР LG OLED55B53LA OLED AI SMART TV,https://www.technomarket.bg/televizor/lg-oled55b53la-oled-ai-smart-tv-09228875
16,(0),A,G,ТЕЛЕВИЗОР NEO LED-24B25M HD LED TV,https://www.technomarket.bg/televizor/neo-led-24b25m-hd-led-tv-09227151
17,(0),G,F,ТЕЛЕВИЗОР TCL 55C7K QD-MINI LED QLED SMART GOOGLE TV,https://www.technomarket.bg/televizor/tcl-55c7k-qd-mini-led-qled-smart-google-tv-09235377
18,(0),G,G,ТЕЛЕВИЗОР SAMSUNG UE-43U8072F UHD SMART TV,https://www.technomarket.bg/televizor/samsung-ue-43u8072f-uhd-smart-tv-09229126
19,(0),A,G,ТЕЛЕВИЗОР SAMSUNG UE-55U8072F UHD SMART TV,https://www.technomarket.bg/televizor/samsung-ue-55u8072f-uhd-smart-tv-09229128
20,(0),A,G,ТЕЛЕВИЗОР SAMSUNG QE-50Q8F QLED SMART TV,https://www.technomarket.bg/televizor/samsung-qe-50q8f-qled-smart-tv-09229145
21,(0),G,-,ТЕЛЕВИЗОР NEO LED-24S25M HD SMART LED TV,https://www.technomarket.bg/televizor/neo-led-24s25m-hd-smart-led-tv-09227153
22,(0),G,E,ТЕЛЕВИЗОР NEO LED-50US25M UHD SMART LED TV,https://www.technomarket.bg/televizor/neo-led-50us25m-uhd-smart-led-tv-09227155
23,(0),A,G,ТЕЛЕВИЗОР TCL 50P7K QLED SMART GOOGLE TV,https://www.technomarket.bg/televizor/tcl-50p7k-qled-smart-google-tv-09229319
